County,2016 Total Households with Computer and have Internet Sub,2017 Total Households with Computer and have Internet Sub,2018 Total Households with Computer and have Internet Sub,2019 Total Households with Computer and have Internet Sub,2021 Total Households with Computer and have Internet Sub,2022 Total Households with Computer and have Internet Sub
29001,6569,6347,6708,6656,6764,7423
29007,6421,7112,6624,7277,7433,7677
29009,7659,7875,10619,12137,11896,9923
29019,58143,56866,60408,60644,68890,69806
29021,24955,24239,28026,26495,28391,27634
29023,12012,10591,11417,12525,13028,12652
29027,11329,11795,12423,13646,14033,15266
29029,11349,10537,13018,14294,10961,13825
29031,24995,24470,24529,27130,29928,29597
29037,32106,33678,34798,35818,38096,39742
29043,26498,26461,26040,29207,31661,32339
29047,79324,80742,81714,84253,90542,94605
29049,6660,6099,6099,6959,6753,7350
29051,19766,19038,21305,25707,25643,27433
29055,5503,6686,7543,7892,6717,6552
29069,8565,8588,10079,9311,8792,9891
29071,32159,32970,33596,36525,35514,38809
29077,96588,94404,94711,99812,114866,111334
29083,6989,6755,7427,8872,8409,7998
29091,10998,11758,10680,12710,12193,12535
29095,220341,232980,240927,247391,273183,275567
29097,35460,36785,39129,38265,42363,43779
29099,70759,74578,75998,75275,78436,80258
29101,15951,17738,18929,15480,20153,18773
29105,10130,9872,10698,12015,12860,11185
29107,9155,9008,9607,9877,10604,11480
29109,11112,11068,10980,12995,12532,12424
29113,14532,16439,16063,17587,21161,20486
29119,2608,2882,4633,6056,6691,6838
29127,8721,9133,9348,10710,10047,9692
29131,6504,8064,8060,9930,6774,8175
29141,5653,4528,5115,5063,6736,7502
29145,14876,17083,18756,18630,19206,19387
29147,5820,6680,7131,7287,7598,6650
29159,12329,10701,12428,13596,15157,15030
29161,13546,14781,15643,15720,14902,15638
29165,32864,36323,37018,36309,39833,39715
29167,8578,9108,9927,9953,9588,9993
29169,12107,11017,12176,13830,14088,15363
29175,5921,6826,7117,6375,8191,7920
29177,6824,6624,7335,6898,8097,7897
29183,126126,131092,138007,137420,149248,155020
29187,18651,17376,20904,20177,19908,21999
29189,343441,353761,361065,366438,375073,385744
29195,6590,5636,6015,6334,6379,7203
29201,11457,11133,12298,11722,13734,13781
29207,7788,8104,9368,9091,9009,9418
29209,9477,9159,10934,11356,11448,11583
29213,19016,17864,17854,17957,19227,19817
29215,5594,6403,6899,7336,6524,7843
29217,6195,6694,6204,7336,6355,6043
29219,9882,10212,11267,13011,11019,13026
29221,6222,4538,6276,6387,7466,7102
29225,9757,9961,10550,9467,10182,11376
29510,101504,107509,109679,119893,118283,129359
