Data Month,metdiv20,Net New Enrollments Alternative Verification Process,Net New Enrollments Verified by School,Net New Enrollments Lifeline,Net New Enrollments National Verifier Application,Net New Enrollments Total,Total Alternative Verification Process,Total Verified by School,Total Lifeline,Total National Verifier Application,Total Subscribers,Num Eligible,Participation Rate
2022-01-01,11244,1222,2,819,2046,4089,17493,8,30755,17271,65527,425077,0.15415324752927118
2022-02-01,11244,2144,0,1498,274,3915,19637,8,32254,17544,69442,425077,0.16336334358245683
2022-03-01,11244,2422,0,2738,1851,7010,22056,8,34991,19396,76451,425077,0.1798521209098587
2022-04-01,11244,2561,0,1970,2215,6747,24617,8,36961,21609,83199,425077,0.19572689183371483
2022-05-01,11244,3099,0,1161,3419,7680,27717,8,38122,25029,90880,425077,0.2137965592116252
2022-06-01,11244,3550,0,-2269,2700,3980,31268,8,35852,27729,94857,425077,0.2231525111920899
2022-07-01,11244,3989,-4,-1569,1941,4356,35257,4,34282,29671,99215,425077,0.23340477137083399
2022-08-01,11244,3603,0,-4342,2786,2046,38860,4,29938,32458,101262,425077,0.238220369485999
2022-09-01,11244,3164,0,1073,2488,6725,42024,4,31012,34944,107985,425077,0.2540363275359523
2022-10-01,11244,2565,0,639,2463,5668,44589,4,31651,37408,113653,425077,0.2673703823072055
2022-11-01,11244,2359,0,-2001,1744,2104,46949,4,29652,39152,115756,425077,0.27231772125991294
2022-12-01,11244,2535,0,-1179,1717,3074,49483,4,28472,40868,118830,425077,0.2795493522350068
2023-01-01,11244,465,0,2367,2647,5482,49948,4,30840,43518,124309,425077,0.2924387816795545
2023-02-01,11244,2610,0,506,3313,6430,52561,4,31344,46829,130738,425077,0.30756310033241036
2023-03-01,11244,2473,0,547,6271,9290,55034,4,31892,53098,140030,425077,0.3294226693046201
2023-04-01,11244,2468,0,-152,6025,8342,57501,4,31740,59124,148368,425077,0.34903793900869723
2023-05-01,11244,2653,0,477,288,3417,60153,4,32217,59412,151787,425077,0.35708118764365043
2023-06-01,11244,3071,0,-628,4973,7417,63224,4,31591,64385,159202,425077,0.37452508604323453
2023-07-01,11244,1828,0,106,4626,6560,65052,4,31696,69012,165763,425077,0.3899599366702974
2023-08-01,11244,2261,0,288,4784,7334,67313,4,31985,73794,173096,425077,0.40721092884348015
2023-09-23,11244,2131,0,540,4208,6879,69443,4,32526,78003,179975,425077,0.42339387922658717
2022-01-01,14454,837,1,1434,1676,3948,5672,17,18867,12639,37193,320320,0.11611201298701299
2022-02-01,14454,397,-1,1299,2025,3720,6068,16,20166,14663,40914,320320,0.12772852147852148
2022-03-01,14454,355,0,2067,3000,5421,6423,16,22233,17663,46335,320320,0.14465222277722278
2022-04-01,14454,-187,-1,1009,3198,4021,6236,15,23243,20862,50356,320320,0.1572052947052947
2022-05-01,14454,-144,-1,297,3485,3637,6093,14,23540,24346,53993,320320,0.16855956543456543
2022-06-01,14454,-157,-1,-615,3756,2984,5936,13,22925,28104,56977,320320,0.17787524975024974
2022-07-01,14454,-111,-6,-567,2655,1972,5825,7,22358,30758,58949,320320,0.18403159340659342
2022-08-01,14454,-141,0,-1487,2055,428,5685,7,20871,32814,59377,320320,0.18536775724275725
2022-09-01,14454,-53,0,13,2967,2927,5631,7,20884,35780,62303,320320,0.19450237262737263
2022-10-01,14454,-98,0,61,1858,1821,5533,7,20945,37638,64124,320320,0.20018731268731269
2022-11-01,14454,-118,0,-992,1871,760,5415,7,19953,39509,64884,320320,0.20255994005994005
2022-12-01,14454,-2281,0,-425,2820,113,3134,7,19528,42328,64997,320320,0.2029127122877123
2023-01-01,14454,-34,0,-70,2514,2409,3100,7,19458,44841,67406,320320,0.2104333166833167
2023-02-01,14454,-67,0,254,2345,2532,3033,7,19711,47188,69939,320320,0.21834103396603396
2023-03-01,14454,-39,0,-40,3153,3075,2994,7,19671,50341,73013,320320,0.22793768731268732
2023-04-01,14454,-75,0,-292,4244,3877,2918,7,19379,54585,76889,320320,0.24003808691308692
2023-05-01,14454,3,0,666,3936,4604,2921,7,20045,58520,81494,320320,0.2544143356643357
2023-06-01,14454,-13,0,1297,3224,4509,2908,7,21342,61747,86004,320320,0.26849400599400597
2023-07-01,14454,19,0,697,2775,3491,2927,7,22039,64517,89492,320320,0.2793831168831169
2023-08-01,14454,52,0,1302,3140,4495,2979,7,23341,67659,93986,320320,0.29341283716283717
2023-09-23,14454,-814,0,290,-298,-822,2165,7,23632,67361,93165,320320,0.29084977522477523
2022-01-01,15764,695,-1,1443,2161,4298,4542,13,13527,13130,31212,343578,0.09084400048897194
2022-02-01,15764,356,0,1183,2224,3764,4899,13,14710,15355,34976,343578,0.10179930030444324
2022-03-01,15764,268,0,1685,2309,4263,5167,13,16395,17664,39239,343578,0.11420696319321959
2022-04-01,15764,-128,0,936,1991,2798,5039,13,17331,19654,42037,343578,0.12235067437379576
2022-05-01,15764,-107,-1,82,2017,1991,4930,12,17413,21673,44028,343578,0.12814557393081047
2022-06-01,15764,-61,-1,35,2081,2053,4869,11,17448,23753,46082,343578,0.134123837964014
2022-07-01,15764,-59,-5,-280,2064,1718,4810,6,17168,25816,47800,343578,0.1391241581242105
2022-08-01,15764,-91,0,-755,2016,1169,4718,6,16412,27832,48969,343578,0.14252658784904737
2022-09-01,15764,-48,-1,171,2002,2124,4670,5,16584,29835,51094,343578,0.14871150073636846
2022-10-01,15764,-43,0,-178,1917,1696,4627,5,16406,31753,52790,343578,0.15364778885726094
2022-11-01,15764,-87,0,-615,1621,919,4540,5,15791,33373,53709,343578,0.15632258177182473
2022-12-01,15764,-1701,0,44,2341,683,2839,5,15833,35715,54392,343578,0.15831048553749075
2023-01-01,15764,-25,0,99,2378,2452,2814,5,15932,38093,56844,343578,0.165447147372649
2023-02-01,15764,-18,0,-299,1957,1639,2796,5,15633,40049,58483,343578,0.17021753430079922
2023-03-01,15764,-26,0,-383,2490,2080,2770,5,15250,42538,60564,343578,0.17627438310951224
2023-04-01,15764,-49,0,-99,3425,3277,2721,5,15152,45963,63841,343578,0.1858122464185716
2023-05-01,15764,6,0,736,3597,4340,2727,5,15888,49562,68180,343578,0.19844111089767097
2023-06-01,15764,-38,0,1215,3232,4409,2689,5,17103,52793,72590,343578,0.2112766242308879
2023-07-01,15764,8,0,489,2375,2871,2697,5,17591,55169,75461,343578,0.2196328053600638
2023-08-01,15764,15,0,787,3035,3836,2712,5,18378,58202,79298,343578,0.23080057512413485
2023-09-23,15764,-798,0,95,636,-67,1914,5,18472,58839,79230,343578,0.23060265791174056
2022-01-01,15804,529,1,956,728,2215,3444,3,9277,7243,19969,173936,0.11480659552939013
2022-02-01,15804,137,-2,769,936,1843,3581,1,10047,8181,21811,173936,0.12539669763591205
2022-03-01,15804,30,0,1052,1113,2194,3612,1,11098,9291,24004,173936,0.13800478336859534
2022-04-01,15804,-136,0,2,672,537,3475,1,11100,9965,24540,173936,0.14108637659828902
2022-05-01,15804,-126,0,406,827,1110,3349,1,11507,10791,25649,173936,0.14746228497838285
2022-06-01,15804,-107,0,382,617,893,3242,1,11892,11407,26543,173936,0.1526021065219391
2022-07-01,15804,-114,0,85,847,818,3127,1,11976,12252,27358,173936,0.15728773801858154
2022-08-01,15804,-150,0,-1,746,595,2977,1,11977,13000,27957,173936,0.16073153343758623
2022-09-01,15804,-106,0,274,897,1064,2871,1,12250,13896,29020,173936,0.16684297672707202
2022-10-01,15804,-98,0,154,956,1012,2773,1,12403,14854,30029,173936,0.17264396099714838
2022-11-01,15804,-119,0,-350,423,-45,2653,1,12053,15278,29985,173936,0.1723909943887407
2022-12-01,15804,-1578,0,43,1267,-266,1075,1,12100,16545,29722,173936,0.1708789439793947
2023-01-01,15804,-34,-1,173,1216,1356,1041,0,12272,17762,31074,173936,0.17865191794683102
2023-02-01,15804,-45,0,122,2075,2152,996,0,12393,19838,33226,173936,0.19102428479440714
2023-03-01,15804,-39,0,-150,1920,1729,956,0,12243,21756,34956,173936,0.2009704718977095
2023-04-01,15804,-36,0,-31,1740,1675,921,0,12214,23497,36631,173936,0.21060045074050227
2023-05-01,15804,-33,0,-217,1798,1548,888,0,11997,25298,38181,173936,0.21951177444577316
2023-06-01,15804,-20,0,-24,2073,2028,869,0,11975,27374,40219,173936,0.23122872780792936
2023-07-01,15804,-30,0,135,1222,1326,838,0,12108,28587,41534,173936,0.2387889798546592
2023-08-01,15804,-30,0,200,1164,1335,808,0,12309,29751,42867,173936,0.24645271824119216
2023-09-23,15804,-553,0,-182,418,-317,256,0,12128,30170,42551,173936,0.24463595805353694
2022-01-01,16984,3379,-1,5095,5683,14157,22783,40,77030,68025,167875,1118496,0.15008994220810803
2022-02-01,16984,1346,4,5650,3052,10051,24126,44,82678,71079,177928,1118496,0.1590779046147684
2022-03-01,16984,362,-1,8385,6718,15465,24488,43,91065,77795,193393,1118496,0.17290450748147512
2022-04-01,16984,-1081,-1,6456,5524,10901,23405,42,97523,83325,204293,1118496,0.1826497367894029
2022-05-01,16984,-1051,-2,4796,4327,8071,22355,40,102321,87649,212364,1118496,0.18986567676594285
2022-06-01,16984,-857,-2,3322,4665,7130,21497,38,105640,92312,219493,1118496,0.19623941435642148
2022-07-01,16984,-895,-9,3520,7475,10095,20603,29,109166,99791,229585,1118496,0.20526224501473408
2022-08-01,16984,-1358,-1,-837,9668,7477,19250,28,108329,109459,237064,1118496,0.21194890281234802
2022-09-01,16984,-732,-2,-449,9758,8575,18517,26,107878,119218,245640,1118496,0.21961634194489743
2022-10-01,16984,-639,-1,-2276,8544,5627,17880,25,105604,127765,251269,1118496,0.22464899293336765
2022-11-01,16984,-697,-1,-1771,6812,4345,17183,24,103834,134577,255612,1118496,0.22853188567504934
2022-12-01,16984,-9381,-1,-1912,8544,-2750,7803,23,101921,143118,252863,1118496,0.22607412096243526
2023-01-01,16984,-157,0,80,8059,7983,7647,23,102004,151177,260848,1118496,0.23321317197379338
2023-02-01,16984,-289,-1,-1413,9936,8229,7359,22,100590,161109,269078,1118496,0.2405712671301462
2023-03-01,16984,-255,-1,-1723,11780,9800,7104,21,98867,172887,278880,1118496,0.24933482104540383
2023-04-01,16984,-178,0,93,12877,12793,6927,21,98961,185764,291674,1118496,0.2607733957028009
2023-05-01,16984,-228,0,2863,11555,14189,6700,21,101824,197316,305863,1118496,0.2734591809000658
2023-06-01,16984,-186,0,4659,11314,15787,6519,21,106575,208902,322019,1118496,0.28790357766143104
2023-07-01,16984,-132,0,3528,9848,13244,6381,21,110006,218456,334872,1118496,0.2993949017251738
2023-08-01,16984,-154,0,5211,11110,16167,6227,21,115218,229574,351039,1118496,0.31384913312162044
2023-09-23,16984,-3224,0,2221,3136,2134,3000,21,117439,232705,353172,1118496,0.3157561582696764
2022-01-01,19124,3528,-1,-178,3018,6367,45970,43,25836,30348,102199,669190,0.152720453085073
2022-02-01,19124,4659,1,1146,439,6244,50630,44,26983,30787,108445,669190,0.1620541251363589
2022-03-01,19124,5917,-1,1899,3425,11239,56546,43,28880,34212,119682,669190,0.1788460676340053
2022-04-01,19124,3172,-3,-1569,4085,5684,59719,40,27310,38298,125369,669190,0.18734440144054754
2022-05-01,19124,5618,-2,-803,3720,8529,65338,38,26507,42018,133902,669190,0.20009563801013164
2022-06-01,19124,4733,-2,-955,4253,8030,70072,36,25552,46271,141932,669190,0.21209521959383731
2022-07-01,19124,5905,-15,-1140,4093,8845,75973,21,24414,50366,150774,669190,0.22530820843108834
2022-08-01,19124,4317,-2,-1905,3283,5692,80290,19,22507,53649,156463,669190,0.23380953092544718
2022-09-01,19124,4466,-1,262,3016,7742,84757,18,22765,56667,164208,669190,0.24538322449528535
2022-10-01,19124,3134,-2,6,3007,6148,87893,16,22772,59674,170352,669190,0.25456447346792394
2022-11-01,19124,2470,0,-1897,1511,2084,90362,16,20876,61184,172435,669190,0.2576771918289275
2022-12-01,19124,3395,0,993,2265,6650,93756,16,21867,63449,179085,669190,0.26761457881916945
2023-01-01,19124,1084,0,195,3217,4492,94841,16,22061,66666,183581,669190,0.274333149030918
2023-02-01,19124,3534,-1,142,4267,7942,98375,15,22201,70927,191525,669190,0.28620421703850923
2023-03-01,19124,3461,0,84,6145,9687,101839,15,22287,77073,201212,669190,0.30067992647827974
2023-04-01,19124,2969,0,-2706,7181,7444,104807,15,19582,84256,208657,669190,0.31180531687562574
2023-05-01,19124,3052,0,642,4762,8454,107858,15,20223,89021,217116,669190,0.3244459719959952
2023-06-01,19124,3978,0,539,5501,10014,112256,15,20802,95111,228185,669190,0.340986864717046
2023-07-01,19124,2259,0,150,4812,7222,114083,15,20919,99292,234306,669190,0.3501337437797935
2023-08-01,19124,2827,11,544,5226,8610,116910,26,21462,104518,242915,669190,0.36299855048640894
2023-09-23,19124,2768,0,-2526,7141,7383,119677,26,18938,111658,250297,669190,0.37402979721753166
2022-01-01,19804,1531,1,1661,2633,5826,10527,3,70081,32823,113432,368229,0.3080474378715419
2022-02-01,19804,428,0,2714,3529,6670,10954,3,72795,36352,120103,368229,0.3261638817149111
2022-03-01,19804,114,0,5857,3074,9045,11068,3,78653,39425,129149,368229,0.3507301163134897
2022-04-01,19804,-622,0,1824,635,1837,10446,3,80477,40061,130986,368229,0.3557188597313085
2022-05-01,19804,-500,0,1520,1357,2376,9946,3,81996,41416,133362,368229,0.36217136618788853
2022-06-01,19804,-442,0,-1168,3378,1767,9503,3,80828,44793,135129,368229,0.3669700105097643
2022-07-01,19804,-412,0,1608,2741,3937,9090,3,82436,47532,139066,368229,0.3776617268058735
2022-08-01,19804,-634,-1,-1943,3575,996,8456,2,80493,51108,140062,368229,0.38036656537100555
2022-09-01,19804,-369,0,3158,4537,7327,8087,2,83652,55647,147388,368229,0.4002617936121272
2022-10-01,19804,-336,0,2476,4745,6884,7752,2,86127,60390,154273,368229,0.41895939754880795
2022-11-01,19804,-303,0,1014,5800,6510,7450,2,87140,66190,160782,368229,0.4366358977701376
2022-12-01,19804,-3176,0,-2733,5197,-710,4277,2,84407,71386,160071,368229,0.4347050340956307
2023-01-01,19804,-50,0,2338,3937,6224,4226,2,86745,75323,166295,368229,0.45160755942633524
2023-02-01,19804,47,0,484,4192,4724,4273,2,87230,79516,171018,368229,0.46443381699974745
2023-03-01,19804,5,0,-120,6127,6010,4278,2,87109,85642,177029,368229,0.4807578979385111
2023-04-01,19804,-4,0,908,6587,7490,4275,2,88016,92228,184519,368229,0.5010985012044136
2023-05-01,19804,-41,0,2468,5814,8241,4233,2,90483,98043,192761,368229,0.5234813119010181
2023-06-01,19804,8,1,1174,5639,6822,4241,3,91660,103683,199584,368229,0.5420105423527207
2023-07-01,19804,-56,0,2182,6806,8932,4186,3,93840,110487,208516,368229,0.5662671869950493
2023-08-01,19804,6,0,3912,8221,12140,4192,3,97753,118710,220656,368229,0.5992358016343091
2023-09-23,19804,-992,0,2227,8581,9816,3199,3,99978,127291,230472,368229,0.6258931262882609
2022-01-01,20994,204,-1,201,384,789,1523,1,3284,3428,8238,97385,0.08459208296965652
2022-02-01,20994,76,0,102,384,562,1602,1,3387,3815,8798,97385,0.09034245520357345
2022-03-01,20994,50,0,283,448,781,1651,1,3668,4262,9579,97385,0.0983621707655183
2022-04-01,20994,-63,0,140,423,497,1591,1,3806,4682,10076,97385,0.10346562612311958
2022-05-01,20994,-51,0,12,323,286,1539,1,3817,5008,10363,97385,0.106412691893002
2022-06-01,20994,-47,0,39,457,446,1493,1,3860,5465,10811,97385,0.11101298968013554
2022-07-01,20994,-43,0,100,646,701,1450,1,3956,6109,11515,97385,0.11824202905991682
2022-08-01,20994,-80,0,-42,626,498,1365,1,3913,6735,12015,97385,0.12337628998305694
2022-09-01,20994,-31,0,-23,673,621,1335,1,3892,7408,12634,97385,0.1297325050059044
2022-10-01,20994,-30,0,-73,511,411,1304,1,3818,7919,13042,97385,0.13392206191918674
2022-11-01,20994,-35,0,-8,359,315,1269,1,3812,8278,13359,97385,0.13717718334445755
2022-12-01,20994,-668,0,38,484,-143,600,1,3851,8763,13214,97385,0.13568824767674692
2023-01-01,20994,-17,0,190,680,852,582,1,4041,9442,14064,97385,0.14441649124608513
2023-02-01,20994,0,-1,32,477,512,579,0,4072,9925,14579,97385,0.14970477999691945
2023-03-01,20994,-16,0,-123,593,454,563,0,3949,10519,15032,97385,0.1543564203932844
2023-04-01,20994,2,0,-84,685,603,565,0,3865,11203,15635,97385,0.16054833906659136
2023-05-01,20994,-7,0,-5,596,584,557,0,3858,11803,16218,97385,0.16653488730297275
2023-06-01,20994,-15,0,34,684,702,543,0,3891,12489,16921,97385,0.17375365816090774
2023-07-01,20994,-2,0,76,589,663,540,0,3971,13077,17585,97385,0.1805719566668378
2023-08-01,20994,-7,0,170,571,734,533,0,4139,13645,18318,97385,0.1880987831801612
2023-09-23,20994,-247,0,26,86,-135,287,0,4165,13738,18183,97385,0.18671253273091337
2022-01-01,22744,593,0,969,2286,3848,4819,3,16305,18106,39233,328575,0.11940348474473103
2022-02-01,22744,216,1,590,1903,2710,5035,4,16895,20009,41943,328575,0.12765122118237845
2022-03-01,22744,53,-1,908,3780,4740,5088,3,17803,23789,46683,328575,0.14207715133531157
2022-04-01,22744,-225,0,205,3201,3181,4863,3,18008,26990,49864,328575,0.15175835045271246
2022-05-01,22744,-204,0,-444,2779,2131,4659,3,17564,29769,51995,328575,0.1582439321311725
2022-06-01,22744,-170,0,-1625,2567,772,4489,3,15939,32336,52767,328575,0.160593471810089
2022-07-01,22744,-160,0,-512,2407,1735,4329,3,15427,34743,54502,328575,0.16587384919729134
2022-08-01,22744,-331,0,-1716,3928,1881,3998,3,13711,38671,56383,328575,0.17159856958076541
2022-09-01,22744,-167,0,245,2505,2583,3831,3,13956,41176,58966,328575,0.17945978848056
2022-10-01,22744,-140,0,1090,3284,4234,3691,3,15046,44460,63200,328575,0.1923457353724416
2022-11-01,22744,-156,0,678,3062,3584,3535,3,15724,47522,66784,328575,0.2032534428973598
2022-12-01,22744,-177,0,1474,3275,4572,3358,3,17198,50797,71356,328575,0.21716807426006238
2023-01-01,22744,-215,0,-1121,-2090,-3426,3143,3,16077,48707,67930,328575,0.20674123107357528
2023-02-01,22744,-109,0,-137,1148,902,3034,3,15940,49855,68832,328575,0.2094864186258845
2023-03-01,22744,-1808,0,-820,1799,-829,1226,3,15120,51654,68003,328575,0.20696340257171117
2023-04-01,22744,-48,0,-269,2975,2658,1178,3,14851,54629,70661,328575,0.21505287986000152
2023-05-01,22744,-45,0,-31,3016,2940,1133,3,14820,57645,73601,328575,0.22400060868903598
2023-06-01,22744,-38,0,191,2878,3031,1095,3,15015,60528,76641,328575,0.23325268203606483
2023-07-01,22744,-42,0,582,2596,3136,1053,3,15593,63118,79767,328575,0.2427664916685688
2023-08-01,22744,-45,0,477,4528,4960,1008,3,16070,67646,84727,328575,0.25786197976108954
2023-09-23,22744,-36,0,29,3198,3191,972,3,16099,70844,87918,328575,0.2675736133302899
2022-01-01,23104,1977,3,-232,1399,3146,21986,23,12542,14873,49422,332174,0.14878346890485109
2022-02-01,23104,2257,0,696,120,3072,24240,23,13238,14988,52492,332174,0.15802561308230023
2022-03-01,23104,2938,0,1160,2206,6304,27178,23,14398,17195,58797,332174,0.17700662905585626
2022-04-01,23104,1827,-1,-964,2382,3247,29003,22,13433,19580,62044,332174,0.18678162649695643
2022-05-01,23104,2649,0,-397,2544,4794,31653,22,13039,22124,66835,332174,0.20120479026052612
2022-06-01,23104,2289,-1,-33,2642,4892,33941,21,13002,24761,71725,332174,0.2159259905952904
2022-07-01,23104,2664,-9,-513,2151,4289,36606,12,12491,26909,76017,332174,0.2288469296212226
2022-08-01,23104,1851,0,-653,1826,3020,38456,12,11839,28731,79040,332174,0.23794758168911473
2022-09-01,23104,2075,0,156,1904,4132,40529,12,11997,30635,83172,332174,0.2503868454484698
2022-10-01,23104,1445,0,-22,1992,3413,41973,12,11975,32624,86583,332174,0.2606555600378115
2022-11-01,23104,1234,0,-871,1130,1494,43207,12,11103,33756,88080,332174,0.265162234250724
2022-12-01,23104,1761,0,542,1608,3910,44968,12,11646,35364,91988,332174,0.276927152636871
2023-01-01,23104,395,0,69,2249,2714,45361,12,11713,37614,94695,332174,0.2850764960532733
2023-02-01,23104,1563,0,52,2159,3773,46922,12,11768,39774,98468,332174,0.2964350009332458
2023-03-01,23104,1618,0,33,3319,4970,48537,12,11800,43092,103440,332174,0.31140305984213096
2023-04-01,23104,1383,-1,-1443,5639,5578,49919,11,10357,48726,109016,332174,0.3281894428823448
2023-05-01,23104,1642,0,284,2887,4817,51563,11,10646,51609,113829,332174,0.34267883699506885
2023-06-01,23104,2001,0,106,2900,5008,53566,11,10753,54538,118865,332174,0.3578395660105848
2023-07-01,23104,1200,-1,79,2551,3829,54761,10,10827,57057,122660,332174,0.3692643012397117
2023-08-01,23104,1615,0,370,2367,4350,56375,10,11198,59424,127009,332174,0.382356837079362
2023-09-23,23104,1256,0,-1149,3509,3610,57633,10,10049,62932,130622,332174,0.3932336666927574
2022-01-01,23224,361,0,106,551,1016,2457,7,6223,4352,13040,145543,0.08959551472760627
2022-02-01,23224,121,0,225,-3,343,2576,7,6449,4350,13383,145543,0.09195220656438303
2022-03-01,23224,59,0,404,572,1036,2637,7,6854,4922,14421,145543,0.0990841194698474
2022-04-01,23224,-105,-2,-247,490,137,2533,5,6608,5413,14556,145543,0.10001168039685866
2022-05-01,23224,-71,0,140,658,726,2461,5,6746,6071,15283,145543,0.10500676775935634
2022-06-01,23224,-59,0,12,527,482,2402,5,6758,6599,15765,145543,0.10831850380987063
2022-07-01,23224,-65,-2,121,475,528,2338,3,6881,7074,16293,145543,0.11194629765773689
2022-08-01,23224,-125,0,-24,645,496,2212,3,6854,7720,16789,145543,0.11535422521179307
2022-09-01,23224,-78,-1,128,663,712,2134,2,6983,8386,17504,145543,0.12026686271411198
2022-10-01,23224,-81,-1,36,941,896,2053,1,7019,9328,18400,145543,0.12642311894079414
2022-11-01,23224,-69,0,13,526,472,1984,1,7032,9852,18871,145543,0.1296592759528112
2022-12-01,23224,-1125,0,45,1413,334,858,1,7077,11264,19204,145543,0.1319472595727723
2023-01-01,23224,-19,0,280,1057,1317,840,1,7358,12322,20522,145543,0.14100300254907486
2023-02-01,23224,-23,0,124,896,996,817,1,7484,13221,21518,145543,0.1478463409439135
2023-03-01,23224,-28,0,-34,1088,1025,790,1,7447,14307,22546,145543,0.1549095456325622
2023-04-01,23224,-33,0,-80,892,780,757,1,7367,15198,23325,145543,0.16026191572250126
2023-05-01,23224,-21,0,-53,1184,1113,736,1,7317,16382,24436,145543,0.16789539861071986
2023-06-01,23224,-22,0,119,1019,1118,715,1,7436,17405,25557,145543,0.1755975897157541
2023-07-01,23224,-19,0,303,1078,1362,694,1,7739,18482,26916,145543,0.1849350363810008
2023-08-01,23224,-37,0,355,1075,1395,659,1,8095,19556,28311,145543,0.19451983262678385
2023-09-23,23224,-418,0,-45,610,143,241,1,8051,20166,28458,145543,0.19552984341397386
2022-01-01,23844,324,1,183,529,1038,2575,3,10546,5473,18597,119891,0.15511589693972025
2022-02-01,23844,140,0,414,429,982,2716,3,10960,5901,19581,119891,0.163323352044774
2022-03-01,23844,43,0,674,614,1331,2759,3,11634,6515,20914,119891,0.17444178462103077
2022-04-01,23844,-145,0,-421,709,141,2613,3,11213,7223,21055,119891,0.1756178528830354
2022-05-01,23844,-136,0,146,761,771,2477,3,11360,7986,21826,119891,0.18204869423059278
2022-06-01,23844,-127,0,409,647,929,2350,3,11768,8633,22756,119891,0.18980574021402774
2022-07-01,23844,-123,0,-11,930,794,2226,3,11758,9565,23551,119891,0.19643676339341568
2022-08-01,23844,-211,0,303,407,499,2016,3,12061,9970,24048,119891,0.2005821954942406
2022-09-01,23844,-80,0,179,847,946,1936,3,12240,10818,24995,119891,0.20848103694188888
2022-10-01,23844,-82,-1,225,841,984,1854,2,12463,11659,25979,119891,0.21668849204694263
2022-11-01,23844,-88,1,-26,736,622,1766,3,12437,12395,26601,119891,0.2218765378552185
2022-12-01,23844,-1028,3,-232,1175,-83,738,6,12206,13568,26520,119891,0.22120092417279028
2023-01-01,23844,-40,1,332,1087,1381,698,7,12539,14655,27900,119891,0.2327113795030486
2023-02-01,23844,-32,-1,42,952,961,666,6,12581,15606,28861,119891,0.2407269936859314
2023-03-01,23844,-25,0,-187,1295,1085,641,6,12397,16900,29946,119891,0.2497768806666055
2023-04-01,23844,-26,0,-42,1430,1362,614,6,12355,18333,31309,119891,0.2611455405326505
2023-05-01,23844,-32,0,69,1512,1549,582,6,12424,19844,32857,119891,0.2740572686857229
2023-06-01,23844,-28,1,220,1154,1348,554,7,12643,21001,34206,119891,0.2853091558165334
2023-07-01,23844,-27,0,255,997,1224,527,7,12897,21994,35426,119891,0.2954850656012545
2023-08-01,23844,-25,0,58,1523,1557,502,7,12955,23518,36983,119891,0.3084718619412633
2023-09-23,23844,-336,0,-145,839,359,166,7,12809,24357,37341,119891,0.3114579075994028
2022-01-01,29404,342,0,216,497,1052,3291,2,5133,4902,13328,103986,0.12817109995576328
2022-02-01,29404,266,0,184,292,746,3560,2,5316,5191,14071,103986,0.13531629257784702
2022-03-01,29404,330,0,359,529,1219,3890,2,5676,5724,15290,103986,0.14703902448406517
2022-04-01,29404,193,0,-1,439,631,4084,2,5675,6161,15923,103986,0.15312638239763046
2022-05-01,29404,217,0,89,297,599,4300,2,5763,6460,16522,103986,0.15888677321947184
2022-06-01,29404,278,0,187,379,847,4578,2,5952,6838,17370,103986,0.1670417171542323
2022-07-01,29404,353,-1,356,620,1328,4931,1,6303,7459,18698,103986,0.17981266708980054
2022-08-01,29404,223,0,188,570,981,5154,1,6494,8031,19676,103986,0.18921777931644645
2022-09-01,29404,259,0,269,1005,1533,5412,1,6765,9035,21209,103986,0.20396014848152635
2022-10-01,29404,185,0,95,627,907,5596,1,6858,9658,22118,103986,0.21270170984555614
2022-11-01,29404,176,0,-34,430,569,5773,1,6824,10089,22688,103986,0.2181832169715154
2022-12-01,29404,-228,0,-26,556,300,5544,1,6797,10646,22990,103986,0.22108745408035696
2023-01-01,29404,229,0,28,820,1077,5772,1,6824,11467,24066,103986,0.23143500086550112
2023-02-01,29404,265,0,-194,554,624,6037,1,6633,12018,24691,103986,0.2374454253457196
2023-03-01,29404,292,0,-258,682,717,6329,1,6377,12702,25406,103986,0.24432135095108956
2023-04-01,29404,232,0,-86,764,908,6560,1,6289,13467,26314,103986,0.25305329563595097
2023-05-01,29404,219,0,203,884,1307,6780,1,6494,14352,27623,103986,0.2656415286673206
2023-06-01,29404,183,0,391,856,1431,6964,1,6884,15210,29063,103986,0.279489546669744
2023-07-01,29404,202,0,422,634,1260,7165,1,7305,15843,30314,103986,0.2915200123093493
2023-08-01,29404,230,0,298,681,1207,7396,1,7602,16522,31523,103986,0.303146577423884
2023-09-23,29404,18,0,68,319,405,7415,1,7671,16842,31928,103986,0.30704133248706555
2022-01-01,31084,7571,1,-385,19645,26832,89335,20,177401,112890,379645,1702407,0.22300483961825815
2022-02-01,31084,11289,-2,2547,12120,25955,100624,18,179948,125013,405602,1702407,0.23825207485636513
2022-03-01,31084,15076,-1,6767,20908,42749,115703,17,186712,145917,448354,1702407,0.2633647535518827
2022-04-01,31084,13180,-2,5069,16059,34305,128882,15,191783,161983,482660,1702407,0.28351622144410826
2022-05-01,31084,15355,0,3965,16004,35324,144238,15,195747,177986,517983,1702407,0.3042650787972559
2022-06-01,31084,16823,-1,-11598,10329,15553,161059,14,184151,188316,533538,1702407,0.31340214179100534
2022-07-01,31084,20514,-7,-11352,5836,14990,181572,7,172799,194147,548524,1702407,0.3222049721365102
2022-08-01,31084,17547,0,-27107,10372,811,199120,7,145691,204521,549338,1702407,0.3226831186666878
2022-09-01,31084,15702,1,2574,7162,25438,214819,8,148263,211685,574778,1702407,0.33762666624373605
2022-10-01,31084,11021,0,1855,6473,19346,225839,8,150119,218157,594125,1702407,0.3489911636876493
2022-11-01,31084,8980,-1,-8950,2841,2868,234818,7,141169,220997,596992,1702407,0.35067524980806586
2022-12-01,31084,11211,0,-6250,3406,8365,246030,7,134921,224400,605361,1702407,0.35559123053417896
2023-01-01,31084,4775,0,8972,10297,24041,250804,7,143892,234698,629405,1702407,0.36971476268600867
2023-02-01,31084,11081,-1,1909,9826,22813,261883,6,145804,244524,652218,1702407,0.3831152010065748
2023-03-01,31084,10441,0,3317,17737,31493,272324,6,149117,262262,683711,1702407,0.40161430257276903
2023-04-01,31084,10919,0,-337,14139,24719,283244,6,148779,276403,708434,1702407,0.4161366817688132
2023-05-01,31084,9860,-2,4483,1093,15433,293102,4,153262,277494,723866,1702407,0.42520149411979624
2023-06-01,31084,12153,0,-1853,22910,33207,305255,4,151408,300407,757077,1702407,0.444709755070321
2023-07-01,31084,6047,0,63,20904,27014,311303,4,151471,321308,784087,1702407,0.4605755262989403
2023-08-01,31084,8120,0,6989,29454,44563,319420,4,158459,350769,828652,1702407,0.48675316772076244
2023-09-23,31084,5519,0,4041,21559,31119,324942,4,162501,372325,859772,1702407,0.5050331677442585
2022-01-01,33124,859,0,2872,10178,13909,6537,4,45527,52796,104864,530574,0.19764255315940849
2022-02-01,33124,423,0,1311,9396,11130,6960,4,46838,62191,115994,530574,0.21861983436806176
2022-03-01,33124,260,0,2433,11040,13733,7220,4,49271,73231,129727,530574,0.2445031230327909
2022-04-01,33124,-377,0,781,9091,9495,6843,4,50052,82322,139222,530574,0.2623988359776393
2022-05-01,33124,-319,0,-572,5331,4440,6524,4,49480,87653,143662,530574,0.2707671314463204
2022-06-01,33124,-250,2,-6273,2405,-4116,6274,6,43207,90058,139546,530574,0.2630094953767052
2022-07-01,33124,-247,-1,-1894,2042,-100,6027,5,41314,92100,139446,530574,0.2628210202535367
2022-08-01,33124,-415,-1,-6249,4564,-2101,5612,4,35065,96664,137345,530574,0.2588611579157667
2022-09-01,33124,-208,0,357,2273,2422,5404,4,35422,98937,139767,530574,0.2634260253989076
2022-10-01,33124,-202,0,1245,8392,9435,5202,4,36667,107329,149201,530574,0.28120676851862325
2022-11-01,33124,-403,0,1854,6710,8161,4799,4,38521,114039,157362,530574,0.29658822332040397
2022-12-01,33124,-369,-2,3256,6932,9817,4430,2,41777,120971,167179,530574,0.3150908261618549
2023-01-01,33124,-242,0,-3352,-10814,-14408,4188,2,38425,110156,152770,530574,0.28793344566450674
2023-02-01,33124,-145,0,134,4312,4301,4043,2,38559,114468,157071,530574,0.2960397607119836
2023-03-01,33124,-2206,0,-629,5633,2798,1837,2,37930,120101,159869,530574,0.3013132946582381
2023-04-01,33124,-95,0,-499,6646,6052,1742,2,37431,126747,165921,530574,0.3127198091123953
2023-05-01,33124,-81,0,2028,5850,7797,1661,2,39459,132597,173718,530574,0.32741521446584265
2023-06-01,33124,-68,0,2678,5145,7755,1593,2,42144,137746,181485,530574,0.3420540772823395
2023-07-01,33124,-64,0,1840,5078,6854,1529,2,43977,142818,188326,530574,0.3549476604582961
2023-08-01,33124,-78,0,1534,9889,11345,1451,2,45511,152707,199671,530574,0.37633016318176166
2023-09-23,33124,-40,0,-545,8501,7916,1411,2,44966,161208,207587,530574,0.3912498539317795
2022-01-01,33874,360,2,310,623,1297,2598,12,11214,5385,19210,222219,0.08644625347067532
2022-02-01,33874,111,5,642,619,1378,2709,17,11859,6006,20588,222219,0.0926473433864791
2022-03-01,33874,53,1,1070,703,1829,2760,18,12926,6707,22414,222219,0.10086446253470675
2022-04-01,33874,-142,0,-322,715,252,2621,18,12606,7422,22665,222219,0.10199397891269424
2022-05-01,33874,-107,0,302,1094,1288,2513,18,12909,8516,23954,222219,0.1077945630211638
2022-06-01,33874,-98,2,289,984,1178,2416,21,13197,9495,25133,222219,0.1131001399520293
2022-07-01,33874,-98,-3,-140,1119,875,2315,18,13058,10616,26007,222219,0.11703319698135622
2022-08-01,33874,-155,3,-107,1221,961,2159,21,12954,11832,26964,222219,0.12133975942651168
2022-09-01,33874,-111,-1,148,1469,1505,2049,20,13099,13301,28468,222219,0.12810785756393467
2022-10-01,33874,-68,0,89,1029,1052,1981,20,13187,14329,29519,222219,0.13283742614267907
2022-11-01,33874,-73,-1,-64,1058,917,1909,19,13123,15386,30435,222219,0.13695948591254573
2022-12-01,33874,-1075,-1,-39,1727,613,835,18,13083,17115,31049,222219,0.13972252597662665
2023-01-01,33874,-25,-1,200,1271,1445,810,17,13281,18384,32491,222219,0.146211620068491
2023-02-01,33874,-52,0,-61,1426,1314,758,17,13223,19808,33807,222219,0.15213370593873612
2023-03-01,33874,-33,0,-236,1497,1228,725,17,12988,21305,35037,222219,0.15766878619739985
2023-04-01,33874,-25,-1,-70,1250,1152,700,16,12915,22557,36188,222219,0.16284836130123886
2023-05-01,33874,-24,0,-241,1896,1633,677,16,12676,24449,37818,222219,0.17018346766028108
2023-06-01,33874,-31,0,130,1809,1910,648,17,12826,26285,39777,222219,0.17899909548688456
2023-07-01,33874,-29,0,-241,1227,957,618,16,12563,27484,40678,222219,0.18305365427798703
2023-08-01,33874,-26,-1,-39,1709,1645,593,15,12524,29193,42323,222219,0.19045626161579343
2023-09-23,33874,-11,0,52,1481,1524,581,15,12575,30675,43846,222219,0.1973098609929844
2022-01-01,35004,-14,1,994,442,1424,668,4,11928,5855,18456,300708,0.061375154635061255
2022-02-01,35004,-30,0,1272,-297,945,638,4,13201,5558,19401,300708,0.06451773813799433
2022-03-01,35004,-58,0,1574,812,2327,580,4,14775,6369,21727,300708,0.07225281668595449
2022-04-01,35004,-27,0,495,858,1328,553,4,15274,7232,23063,300708,0.07669566489750855
2022-05-01,35004,-11,0,676,1213,1878,541,4,15950,8446,24941,300708,0.08294092608111524
2022-06-01,35004,-15,0,345,1272,1602,526,4,16295,9718,26543,300708,0.08826835335275417
2022-07-01,35004,-4,-1,327,897,1219,522,3,16622,10615,27762,300708,0.09232211979727842
2022-08-01,35004,-9,0,135,1807,1932,513,3,16757,12421,29694,300708,0.09874695718105271
2022-09-01,35004,-11,0,433,2068,2490,502,3,17191,14489,32184,300708,0.10702741529989225
2022-10-01,35004,-10,0,660,1730,2379,492,3,17851,16218,34563,300708,0.11493874456283172
2022-11-01,35004,-9,0,232,1626,1849,483,3,18082,17843,36412,300708,0.12108756667597803
2022-12-01,35004,-6,0,242,2203,2440,477,3,18324,20047,38851,300708,0.12919842505021484
2023-01-01,35004,-10,0,584,2207,2781,467,3,18908,22250,41627,300708,0.13842997193290502
2023-02-01,35004,3,0,566,1594,2162,469,3,19475,23849,43796,300708,0.14564294930630378
2023-03-01,35004,-18,0,226,2569,2777,451,3,19701,26417,46573,300708,0.15487782167418226
2023-04-01,35004,-12,0,302,2087,2376,439,3,20003,28504,48949,300708,0.16277917448155685
2023-05-01,35004,-8,0,862,1808,2661,431,3,20864,30311,51609,300708,0.17162496508240552
2023-06-01,35004,-3,0,1367,2034,3399,428,3,22231,32346,55008,300708,0.18292828923739973
2023-07-01,35004,-5,0,774,1941,2709,423,3,23004,34286,57717,300708,0.19193702861247455
2023-08-01,35004,-4,0,135,2649,2780,419,3,23139,36936,60497,300708,0.2011818774359179
2023-09-23,35004,-1,0,440,1953,2392,418,3,23579,38889,62889,300708,0.20913643800630513
2022-01-01,35084,161,2,1113,1509,2785,1480,13,14775,12808,29074,312468,0.09304632794398146
2022-02-01,35084,34,0,1015,1618,2666,1515,13,15792,14425,31741,312468,0.1015816019560403
2022-03-01,35084,-21,2,1907,1581,3470,1492,14,17698,16005,35214,312468,0.11269634010522678
2022-04-01,35084,-64,0,402,1193,1533,1428,14,18104,17199,36749,312468,0.1176088431455381
2022-05-01,35084,-47,0,1097,844,1894,1380,14,19200,18048,38643,312468,0.12367026383501671
2022-06-01,35084,-55,1,1582,491,2020,1325,15,20784,18537,40661,312468,0.13012852516097648
2022-07-01,35084,-38,-1,1329,406,1696,1289,14,22114,18944,42361,312468,0.13556908227402487
2022-08-01,35084,-89,0,1031,1408,2349,1199,14,23141,20351,44708,312468,0.14308025141774516
2022-09-01,35084,-48,0,885,2003,2843,1151,14,24028,22357,47548,312468,0.1521691821242495
2022-10-01,35084,-27,1,423,1769,2164,1124,15,24449,24126,49713,312468,0.15909789162410232
2022-11-01,35084,-42,0,-820,1535,671,1082,15,23631,25657,50387,312468,0.1612549125030403
2022-12-01,35084,-506,0,-139,2550,1906,580,15,23490,28209,52291,312468,0.1673483364696545
2023-01-01,35084,-15,0,-66,2642,2562,564,15,23424,30848,54853,312468,0.17554757607178975
2023-02-01,35084,-19,-1,-15,2407,2372,546,14,23409,33256,57226,312468,0.18314195373606257
2023-03-01,35084,-25,0,-281,3261,2956,521,14,23126,36520,60181,312468,0.19259892212962607
2023-04-01,35084,-16,-1,-413,3434,3005,505,13,22711,39958,63184,312468,0.20220950625344036
2023-05-01,35084,-13,0,169,3626,3781,492,13,22880,43583,66964,312468,0.21430674501068908
2023-06-01,35084,-13,0,734,2439,3155,479,13,23612,46018,70119,312468,0.22440377894696417
2023-07-01,35084,-12,-2,610,2085,2681,467,11,24222,48105,72805,312468,0.2329998591855806
2023-08-01,35084,-15,-1,893,3086,3964,452,10,25113,51195,76771,312468,0.24569235889755112
2023-09-23,35084,-209,0,-664,465,-406,243,10,24451,51660,76362,312468,0.24438342486270595
2022-01-01,35154,163,0,761,1162,2085,1648,8,9467,8540,19666,296045,0.06642909017210222
2022-02-01,35154,73,0,1058,131,1259,1721,8,10524,8669,20924,296045,0.07067844415544934
2022-03-01,35154,-14,0,1027,1034,2048,1707,8,11551,9705,22973,296045,0.07759968923643365
2022-04-01,35154,-47,2,128,1033,1116,1660,10,11678,10738,24085,296045,0.0813558749514432
2022-05-01,35154,-36,2,379,1497,1840,1624,12,12057,12234,25924,296045,0.08756776841358577
2022-06-01,35154,-27,1,318,1093,1382,1597,13,12375,13324,27310,296045,0.09224948909794119
2022-07-01,35154,-42,1,117,777,853,1553,14,12493,14103,28161,296045,0.09512405208667601
2022-08-01,35154,-50,0,88,1155,1197,1504,14,12582,15257,29357,296045,0.09916397844922224
2022-09-01,35154,-45,0,384,1133,1471,1459,14,12965,16390,30829,296045,0.10413619551081761
2022-10-01,35154,-36,0,315,799,1078,1423,14,13279,17189,31904,296045,0.10776740022631695
2022-11-01,35154,-40,0,-933,746,-224,1384,14,12347,17936,31678,296045,0.10700400276984919
2022-12-01,35154,-558,1,423,1544,1408,824,15,12770,19479,33087,296045,0.11176341434579203
2023-01-01,35154,-17,0,302,1765,2050,808,15,13071,21243,35136,296045,0.11868465942677633
2023-02-01,35154,-19,-2,149,1997,2124,789,13,13221,23240,37260,296045,0.12585924437163268
2023-03-01,35154,-23,0,-29,2035,1983,766,13,13193,25272,39243,296045,0.1325575503724096
2023-04-01,35154,-11,0,-80,1853,1761,755,13,13114,27124,41006,296045,0.13851272610582852
2023-05-01,35154,-24,-1,31,2186,2192,731,12,13146,29308,43197,296045,0.1459136279957439
2023-06-01,35154,-18,-1,267,2075,2322,712,11,13413,31385,45520,296045,0.15376040804607408
2023-07-01,35154,-13,1,210,1898,2096,699,12,13623,33281,47613,296045,0.16083027918053
2023-08-01,35154,-19,-1,182,2081,2242,680,11,13806,35359,49852,296045,0.1683933185833235
2023-09-23,35154,-230,0,-519,268,-480,449,11,13286,35627,49375,296045,0.16678207704909725
2022-01-01,35614,3367,5,14052,12254,29677,45171,155,241054,122945,409326,2239269,0.18279447444679492
2022-02-01,35614,5054,0,8983,4546,18583,50225,155,250036,127492,427910,2239269,0.1910936113526334
2022-03-01,35614,7759,-1,22280,13863,43902,57984,154,272315,141356,471812,2239269,0.21069911654205012
2022-04-01,35614,5908,-3,12336,12322,30561,63892,151,284651,153677,502373,2239269,0.22434687391287067
2022-05-01,35614,8075,-1,9851,19351,37276,71968,150,294503,173027,539649,2239269,0.24099337774961382
2022-06-01,35614,7510,1,4968,17836,30315,79478,151,299470,190864,569963,2239269,0.25453083126681075
2022-07-01,35614,9089,-5,-18733,9954,306,88567,146,280736,200818,570268,2239269,0.2546670364301922
2022-08-01,35614,7946,-2,-6619,17043,18369,96513,144,274117,217863,588637,2239269,0.2628701598602044
2022-09-01,35614,7799,-2,2583,19990,30370,104312,142,276699,237854,619009,2239269,0.27643351468715904
2022-10-01,35614,5426,-2,2254,16074,23754,109738,140,278952,253929,642762,2239269,0.28704099418158335
2022-11-01,35614,3577,-3,-2154,10829,12249,113315,137,276798,264759,655010,2239269,0.2925106362835372
2022-12-01,35614,4731,-3,-5140,17301,16888,118046,134,271659,282059,671900,2239269,0.30005327631472595
2023-01-01,35614,2071,-2,4812,15983,22864,120117,132,276472,298041,694764,2239269,0.3102637512509663
2023-02-01,35614,4574,0,2538,16679,23792,124692,132,279010,314723,718558,2239269,0.3208895402919435
2023-03-01,35614,4378,-5,200,26436,31007,129070,127,279209,341160,749565,2239269,0.3347364698033153
2023-04-01,35614,3833,-1,-1305,27277,29805,132903,126,277904,368438,779371,2239269,0.3480470635729785
2023-05-01,35614,3114,0,8762,27392,39269,136017,126,286665,395831,818641,2239269,0.36558403657622196
2023-06-01,35614,4002,-1,15097,23506,42604,140590,128,302680,420929,864328,2239269,0.3859866769021498
2023-07-01,35614,1388,-1,10649,23150,35188,141393,124,312358,442419,896295,2239269,0.4002623177474435
2023-08-01,35614,3246,0,10973,28318,42536,144639,124,323330,470736,938831,2239269,0.4192578024346338
2023-09-23,35614,3539,0,1854,18308,23702,148178,124,325184,489044,962532,2239269,0.4298420600651373
2022-01-01,36084,797,0,-116,2529,3210,5527,4,24982,15551,46065,357668,0.12879262332666047
2022-02-01,36084,420,-1,-28,1833,2224,5947,3,24954,17384,48289,357668,0.13501068029569321
2022-03-01,36084,116,0,566,3153,3835,6063,3,25520,20536,52123,357668,0.14573011843385486
2022-04-01,36084,-207,0,369,2840,3002,5856,3,25889,23376,55125,357668,0.15412337698647907
2022-05-01,36084,-192,0,-267,3243,2784,5664,3,25622,26620,57909,357668,0.16190713175346969
2022-06-01,36084,-178,0,-937,3266,2151,5486,3,24685,29886,60060,357668,0.16792108883098292
2022-07-01,36084,-151,0,-1747,3222,1324,5335,3,22937,33109,61383,357668,0.17162004987865842
2022-08-01,36084,-254,0,-2349,3511,908,5081,3,20588,36620,62291,357668,0.17415871702249014
2022-09-01,36084,-142,0,483,1581,1922,4939,3,21071,38201,64213,357668,0.1795324155361956
2022-10-01,36084,-119,0,563,903,1347,4820,3,21634,39104,65560,357668,0.18329847791806927
2022-11-01,36084,-155,0,-923,329,-749,4665,3,20711,39433,64811,357668,0.1812043571133006
2022-12-01,36084,-2679,-1,-179,868,-1991,1986,2,20532,40301,62820,357668,0.17563774226377535
2023-01-01,36084,-71,0,1421,1691,3041,1915,2,21953,41992,65861,357668,0.18414004048447163
2023-02-01,36084,-41,0,-265,2237,1931,1874,2,21688,44228,67791,357668,0.18953610610957647
2023-03-01,36084,-55,0,-63,3256,3138,1819,2,21624,47483,70930,357668,0.1983124014449154
2023-04-01,36084,-47,0,2,3363,3318,1772,2,21626,50846,74248,357668,0.20758916089781584
2023-05-01,36084,-36,0,588,484,1036,1736,2,22214,51329,75283,357668,0.210482905935113
2023-06-01,36084,-47,0,-161,3538,3330,1689,2,22053,54867,78613,357668,0.21979321605511257
2023-07-01,36084,-56,0,234,4376,4554,1633,2,22288,59243,83166,357668,0.23252289833029513
2023-08-01,36084,-41,0,1748,4796,6503,1592,2,24036,64040,89669,357668,0.25070456400908103
2023-09-23,36084,-43,0,558,3172,3687,1549,2,24594,67212,93356,357668,0.26101300647527875
2022-01-01,37964,2095,-1,1308,1820,5222,13937,20,76124,21607,111686,452567,0.24678334920575296
2022-02-01,37964,598,0,4418,1914,6930,14535,20,80541,23521,118616,452567,0.2620959990454452
2022-03-01,37964,143,-2,8278,2536,10954,14680,18,88818,26056,129571,452567,0.2863023596506153
2022-04-01,37964,-966,-1,3279,2193,4503,13712,17,92097,28249,134075,452567,0.2962544772376245
2022-05-01,37964,-725,-1,3652,3593,6520,12987,16,95749,31843,140594,452567,0.3106589742513263
2022-06-01,37964,-721,-1,5025,3073,7376,12265,15,100776,34919,147971,452567,0.3269593231499424
2022-07-01,37964,-623,-3,-6890,5223,-2291,11643,12,93886,40141,145680,452567,0.3218970892707599
2022-08-01,37964,-898,-2,-4782,7791,2110,10746,10,89101,47934,147791,452567,0.3265615919852751
2022-09-01,37964,-549,0,-2182,7458,4727,10196,10,86921,55392,152519,452567,0.337008663910537
2022-10-01,37964,-433,0,-1809,5185,2942,9763,10,85111,60576,155460,452567,0.3435071492176849
2022-11-01,37964,-441,0,-1479,4925,3007,9321,10,83633,65502,158467,452567,0.3501514692852108
2022-12-01,37964,-5634,0,-3799,6693,-2740,3688,10,79834,72194,155727,452567,0.34409711711194146
2023-01-01,37964,-171,0,-79,6769,6519,3516,10,79756,78964,162248,452567,0.3585060333608062
2023-02-01,37964,-138,0,-1730,6425,4555,3378,10,78025,85390,166803,452567,0.3685708414444712
2023-03-01,37964,-158,0,-2484,7171,4530,3220,10,75540,92562,171333,452567,0.378580409088599
2023-04-01,37964,-133,0,-2264,6519,4121,3087,10,73277,99081,175456,452567,0.3876906623770624
2023-05-01,37964,-122,0,-1237,8349,6988,2965,10,72040,107432,182446,452567,0.40313588927164373
2023-06-01,37964,-122,-1,912,5933,6720,2843,9,72959,113366,189176,452567,0.418006615595039
2023-07-01,37964,-108,0,-1600,5588,3880,2734,9,71353,118950,193048,452567,0.42656225487054955
2023-08-01,37964,-104,0,-531,7286,6650,2629,9,70823,126237,199698,452567,0.44125621178742597
2023-09-23,37964,-121,0,-1068,7459,6270,2509,9,69754,133695,205967,452567,0.4551083044057565
2022-01-01,40484,54,0,88,226,368,437,2,1121,1814,3374,46535,0.07250456645535619
2022-02-01,40484,25,0,36,250,311,462,2,1157,2064,3685,46535,0.07918770817664124
2022-03-01,40484,15,0,84,267,366,477,2,1241,2330,4051,46535,0.08705275599011497
2022-04-01,40484,-20,0,18,219,217,457,2,1259,2549,4267,46535,0.09169442355216503
2022-05-01,40484,-11,0,-27,149,111,446,2,1232,2699,4378,46535,0.09407972493821855
2022-06-01,40484,-11,0,22,203,214,435,2,1254,2901,4592,46535,0.0986784140969163
2022-07-01,40484,-9,-1,-7,238,221,426,1,1247,3139,4814,46535,0.10344901686902332
2022-08-01,40484,-16,0,-21,255,217,410,1,1226,3394,5031,46535,0.10811217363274954
2022-09-01,40484,-14,0,56,254,295,396,1,1281,3648,5326,46535,0.11445148812721608
2022-10-01,40484,-12,0,27,195,210,384,1,1309,3842,5536,46535,0.1189642204792092
2022-11-01,40484,-10,0,1,137,129,375,1,1310,3980,5665,46535,0.12173632749543355
2022-12-01,40484,-205,0,29,247,71,169,1,1339,4227,5735,46535,0.12324057161276458
2023-01-01,40484,-1,0,75,279,352,168,1,1414,4505,6088,46535,0.13082625980444826
2023-02-01,40484,-4,0,15,206,217,164,1,1429,4711,6304,46535,0.13546792736649835
2023-03-01,40484,3,0,-49,288,242,166,1,1380,4999,6546,46535,0.1406683141721285
2023-04-01,40484,0,0,-26,167,141,167,1,1354,5165,6687,46535,0.14369829160846675
2023-05-01,40484,-2,0,-18,354,333,164,1,1336,5519,7020,46535,0.15085419576662726
2023-06-01,40484,-4,0,-4,246,238,160,1,1332,5765,7258,46535,0.15596862576555282
2023-07-01,40484,-1,0,18,221,238,159,1,1350,5985,7495,46535,0.16106156656280218
2023-08-01,40484,0,0,-20,213,192,158,1,1330,6198,7688,46535,0.16520898248630064
2023-09-23,40484,-76,0,-44,-150,-270,82,1,1286,6048,7418,46535,0.15940689803373806
2022-01-01,41884,497,0,-151,1475,1821,3508,6,12414,9671,25599,201351,0.12713619500275639
2022-02-01,41884,299,0,82,1017,1398,3807,6,12496,10688,26997,201351,0.13407929436655394
2022-03-01,41884,95,0,302,1980,2377,3903,6,12798,12667,29374,201351,0.1458845498656575
2022-04-01,41884,-107,0,201,1731,1825,3796,6,12999,14398,31199,201351,0.15494832407090106
2022-05-01,41884,-107,0,179,2256,2328,3688,6,13178,16654,33527,201351,0.16651022344065836
2022-06-01,41884,-66,0,-284,1630,1281,3623,6,12895,18284,34808,201351,0.17287224796499645
2022-07-01,41884,-76,-2,-698,2058,1283,3547,4,12196,20342,36089,201351,0.17923427248933455
2022-08-01,41884,-116,0,-972,2062,974,3431,4,11224,22404,37063,201351,0.184071596366544
2022-09-01,41884,-77,0,189,1358,1471,3355,4,11413,23762,38534,201351,0.19137724669855127
2022-10-01,41884,-68,0,97,863,892,3287,4,11510,24625,39426,201351,0.1958073215429772
2022-11-01,41884,-80,0,-939,389,-630,3207,4,10571,25014,38796,201351,0.19267845702281092
2022-12-01,41884,-1571,0,-223,417,-1377,1635,4,10348,25431,37418,201351,0.1858346866913996
2023-01-01,41884,-33,0,973,1075,2016,1603,4,11321,26505,39433,201351,0.19584208670431236
2023-02-01,41884,-35,0,380,1088,1433,1568,4,11702,27592,40866,201351,0.20295901187478582
2023-03-01,41884,-41,0,464,1484,1907,1526,4,12165,29077,42772,201351,0.21242506866119365
2023-04-01,41884,-31,0,168,1829,1967,1496,4,12334,30906,44739,201351,0.22219407899637947
2023-05-01,41884,-27,0,715,201,888,1469,4,13048,31107,45627,201351,0.2266042880343281
2023-06-01,41884,-23,0,-144,1831,1665,1446,4,12907,32954,47311,201351,0.23496779256124878
2023-07-01,41884,-32,0,23,2294,2284,1413,4,12926,35228,49571,201351,0.24619197322089287
2023-08-01,41884,-35,0,974,2692,3631,1379,4,13900,37920,53203,201351,0.2642301255022324
2023-09-23,41884,-35,-1,309,1420,1693,1344,3,14209,39340,54895,201351,0.27263336164210755
2022-01-01,42034,53,0,-16,115,152,412,0,729,1161,2302,29547,0.07790977087352353
2022-02-01,42034,37,0,5,-46,-4,449,0,734,1115,2298,29547,0.07777439333942532
2022-03-01,42034,21,0,76,178,275,470,0,810,1293,2573,29547,0.0870815988086777
2022-04-01,42034,-11,0,101,144,234,459,0,911,1438,2808,29547,0.09503502893694792
2022-05-01,42034,-19,0,86,192,259,440,0,997,1629,3066,29547,0.10376687988628287
2022-06-01,42034,-12,0,-29,56,14,428,0,968,1684,3080,29547,0.10424070125562662
2022-07-01,42034,-9,0,-119,63,-65,419,0,849,1747,3015,29547,0.10204081632653061
2022-08-01,42034,-15,0,-108,90,-33,404,0,741,1837,2982,29547,0.10092395167022032
2022-09-01,42034,-11,0,2,104,95,393,0,743,1941,3077,29547,0.10413916810505297
2022-10-01,42034,-4,0,-9,116,104,389,0,734,2057,3181,29547,0.10765898399160659
2022-11-01,42034,-11,0,-41,72,20,378,0,693,2129,3200,29547,0.10830202727857312
2022-12-01,42034,-221,0,-7,90,-137,157,0,686,2220,3063,29547,0.10366534673570921
2023-01-01,42034,-2,0,73,115,186,155,0,759,2335,3249,29547,0.10996040207127628
2023-02-01,42034,-5,0,101,97,194,150,0,861,2432,3443,29547,0.11652621247503976
2023-03-01,42034,-1,0,-59,156,96,149,0,801,2588,3538,29547,0.11974142890987241
2023-04-01,42034,-1,0,-21,156,133,148,0,780,2743,3671,29547,0.1242427319186381
2023-05-01,42034,-5,0,10,56,61,143,0,790,2799,3732,29547,0.1263072393136359
2023-06-01,42034,-3,0,-42,137,92,140,0,748,2936,3824,29547,0.12942092259789487
2023-07-01,42034,-3,0,12,160,169,137,0,760,3097,3994,29547,0.13517446779706907
2023-08-01,42034,-6,0,8,182,184,131,0,768,3278,4178,29547,0.14140183436558704
2023-09-23,42034,-1,0,7,164,170,130,0,775,3443,4348,29547,0.14715537956476124
2022-01-01,42644,1080,1,574,1251,2905,9674,27,25463,15253,50416,383168,0.13157674962418572
2022-02-01,42644,723,0,1179,689,2589,10396,27,26642,15942,53005,383168,0.13833357691665274
2022-03-01,42644,230,-1,1818,1604,3651,10626,26,28460,17545,56655,383168,0.1478594245866043
2022-04-01,42644,-339,-2,-1491,2009,177,10287,24,26969,19554,56834,383168,0.14832658259562384
2022-05-01,42644,-351,-1,208,2615,2471,9936,23,27177,22170,59305,383168,0.1547754509771171
2022-06-01,42644,-271,-1,-4,1924,1649,9665,22,27174,24093,60952,383168,0.15907382662435277
2022-07-01,42644,-272,-1,-24,2163,1866,9393,21,27149,26256,62818,383168,0.16394375313178552
2022-08-01,42644,-468,0,-14,1571,1089,8923,21,27135,27828,63908,383168,0.16678845832637382
2022-09-01,42644,-305,0,599,2135,2429,8619,21,27734,29963,66336,383168,0.17312510439285117
2022-10-01,42644,-328,0,572,2371,2615,8291,21,28307,32334,68949,383168,0.1799445673960247
2022-11-01,42644,-442,0,-290,1860,1130,7849,21,28017,34194,70081,383168,0.18289888508434943
2022-12-01,42644,-4265,0,-589,2665,-2188,3586,21,27429,36859,67892,383168,0.17718598630365792
2023-01-01,42644,-183,0,294,2675,2787,3403,21,27724,39533,70680,383168,0.18446216803073326
2023-02-01,42644,-47,-1,-72,2774,2653,3356,20,27652,42306,73333,383168,0.19138602388508436
2023-03-01,42644,-74,0,-226,3775,3475,3282,20,27425,46080,76807,383168,0.20045254300985468
2023-04-01,42644,-86,0,127,2809,2849,3196,20,27552,48890,79657,383168,0.20789053365625523
2023-05-01,42644,-69,-1,-229,2903,2604,3127,19,27324,51792,82260,383168,0.21468389844663438
2023-06-01,42644,-76,0,-109,2405,2221,3052,19,27216,54197,84483,383168,0.22048553115082678
2023-07-01,42644,-50,0,108,2404,2462,3002,19,27323,56602,86944,383168,0.22690830131952563
2023-08-01,42644,-91,0,890,2515,3312,2911,19,28212,59116,90257,383168,0.23555463921830633
2023-09-23,42644,-91,0,1236,1975,3121,2820,19,29446,61092,93377,383168,0.24369728161015533
2022-01-01,45104,355,0,141,1173,1670,2961,8,10767,6279,20015,130599,0.15325538480386527
2022-02-01,45104,201,-1,604,869,1675,3163,7,11371,7148,21690,130599,0.1660809041416856
2022-03-01,45104,60,0,645,970,1675,3223,7,12016,8118,23365,130599,0.17890642347950597
2022-04-01,45104,-150,0,-829,1012,33,3073,7,11188,9131,23398,130599,0.1791591053530272
2022-05-01,45104,-128,-1,292,1024,1187,2945,6,11479,10153,24585,130599,0.18824799577332138
2022-06-01,45104,-106,-1,82,823,797,2839,5,11561,10977,25384,130599,0.19436595992312344
2022-07-01,45104,-116,-3,-53,821,649,2723,2,11508,11798,26033,130599,0.19933537010237445
2022-08-01,45104,-171,0,-76,619,372,2554,2,11432,12416,26404,130599,0.20217612692287076
2022-09-01,45104,-99,-1,216,838,955,2454,1,11649,13255,27358,130599,0.20948093017557562
2022-10-01,45104,-96,0,4,1000,908,2358,1,11652,14254,28267,130599,0.21644116723711515
2022-11-01,45104,-96,0,-103,487,286,2262,1,11549,14741,28553,130599,0.21863107680763252
2022-12-01,45104,-1306,0,-238,810,-735,954,1,11311,15551,27819,130599,0.2130108193784026
2023-01-01,45104,-29,0,142,936,1048,925,1,11451,16488,28865,130599,0.22102006906637875
2023-02-01,45104,-45,0,-5,920,869,880,1,11446,17409,29735,130599,0.22768168209557502
2023-03-01,45104,-35,0,-32,1493,1426,845,1,11415,18901,31161,130599,0.23860060184228057
2023-04-01,45104,-41,0,46,1190,1195,804,1,11460,20090,32356,130599,0.24775074847433748
2023-05-01,45104,-38,0,-126,1291,1128,766,1,11333,21382,33484,130599,0.25638787433288157
2023-06-01,45104,-25,0,-78,1212,1108,740,1,11256,22594,34591,130599,0.2648642026355485
2023-07-01,45104,-22,0,128,753,859,718,1,11384,23344,35449,130599,0.27143393134710064
2023-08-01,45104,-34,0,164,1078,1209,684,1,11547,24423,36658,130599,0.28069127634974234
2023-09-23,45104,-24,0,107,906,989,660,1,11657,25328,37648,130599,0.28827173255537947
2022-01-01,47664,802,1,1211,1672,3685,6301,3,26896,17710,50905,379629,0.13409144190775732
2022-02-01,47664,397,0,2188,2057,4646,6698,3,29082,19769,55548,379629,0.14632180365567435
2022-03-01,47664,284,0,2795,2479,5561,6983,3,31879,22250,61112,379629,0.16097821820777655
2022-04-01,47664,-73,0,-254,2103,1775,6912,3,31627,24351,62887,379629,0.1656538357185568
2022-05-01,47664,114,0,416,3081,3610,7026,3,32041,27429,66495,379629,0.17515785148131466
2022-06-01,47664,196,0,-30,2567,2734,7222,3,32010,29999,69235,379629,0.18237542442753318
2022-07-01,47664,297,0,60,2143,2500,7515,3,32074,32143,71736,379629,0.18896343535399035
2022-08-01,47664,166,0,-218,2297,2244,7680,3,31855,34440,73978,379629,0.1948692012464801
2022-09-01,47664,183,0,1050,2744,3978,7864,3,32906,37186,77963,379629,0.2053662918270206
2022-10-01,47664,185,0,496,2875,3557,8048,3,33400,40062,81519,379629,0.2147333317528429
2022-11-01,47664,144,0,176,2860,3183,8192,3,33577,42926,84700,379629,0.22311256516230318
2022-12-01,47664,-1496,0,-418,3454,1541,6698,3,33159,46381,86238,379629,0.22716388895474265
2023-01-01,47664,204,0,677,2968,3852,6902,3,33834,49347,90090,379629,0.2373106374908134
2023-02-01,47664,271,0,185,2602,3057,7173,3,34021,51954,93151,379629,0.24537377281503783
2023-03-01,47664,236,-1,66,4183,4486,7412,2,34086,56136,97638,379629,0.25719320705214826
2023-04-01,47664,218,0,-7,4399,4609,7627,2,34082,60537,102246,379629,0.26933137352520486
2023-05-01,47664,251,-2,527,4860,5635,7878,0,34606,65396,107884,379629,0.28418271522986915
2023-06-01,47664,198,0,273,4183,4654,8077,0,34884,69584,112546,379629,0.29646312584128187
2023-07-01,47664,163,0,825,3931,4919,8238,0,35707,73511,117460,379629,0.3094073424316899
2023-08-01,47664,244,0,577,5476,6299,8486,0,36287,78986,123757,379629,0.32599458945444104
2023-09-23,47664,-393,0,131,6080,5821,8095,0,36415,85068,129582,379629,0.3413385173419312
2022-01-01,47894,957,2,766,1837,3564,7609,12,24180,13353,45154,444926,0.10148653933463092
2022-02-01,47894,720,0,514,712,1950,8331,12,24697,14067,47104,444926,0.10586929062360932
2022-03-01,47894,459,0,1476,2004,3941,8789,12,26173,16072,51043,444926,0.11472244822734567
2022-04-01,47894,72,0,-36,1921,1956,8860,12,26139,17992,53005,444926,0.11913217029348701
2022-05-01,47894,179,0,409,1689,2279,9041,12,26548,19678,55285,444926,0.12425661795444636
2022-06-01,47894,200,0,-362,1840,1678,9241,12,26188,21524,56959,444926,0.12801904136867703
2022-07-01,47894,145,-4,-185,1903,1859,9386,8,26002,23422,58818,444926,0.13219726426416978
2022-08-01,47894,159,-1,-927,2110,1339,9546,7,25077,25529,60156,444926,0.13520450591783803
2022-09-01,47894,201,0,1050,2023,3270,9747,7,26126,27549,63426,444926,0.14255404269474026
2022-10-01,47894,247,0,408,2678,3334,9994,7,26531,30234,66763,444926,0.15005416631080223
2022-11-01,47894,19,0,300,2069,2385,10012,7,26831,32305,69148,444926,0.15541460827193734
2022-12-01,47894,-2110,-1,-147,3846,1586,7902,6,26684,36150,70735,444926,0.15898149355173669
2023-01-01,47894,-158,0,935,2864,3643,7743,6,27617,39014,74379,444926,0.16717161955021734
2023-02-01,47894,259,0,394,3342,4000,8002,6,28014,42358,78381,444926,0.17616637373405913
2023-03-01,47894,272,0,-210,4272,4327,8272,6,27803,46628,82709,444926,0.1858938340308276
2023-04-01,47894,174,0,-248,4227,4151,8445,6,27553,50855,86859,444926,0.19522122779967904
2023-05-01,47894,537,0,126,5606,6269,8983,6,27677,56461,93128,444926,0.20931121130255367
2023-06-01,47894,458,0,781,3480,4715,9440,6,28466,59942,97855,444926,0.21993544993999
2023-07-01,47894,460,0,690,3258,4408,9901,6,29151,63200,102256,444926,0.2298269824644997
2023-08-01,47894,423,0,683,3701,4804,10322,6,29833,66899,107058,444926,0.24061978845920445
2023-09-23,47894,-7,0,285,2496,2776,10315,6,30120,69394,109831,444926,0.24685228554860808
2022-01-01,48424,383,0,406,1696,2484,3045,3,7666,12427,23142,236272,0.09794643461772871
2022-02-01,48424,139,-1,-5,1221,1353,3184,2,7661,13649,24495,236272,0.10367288548791223
2022-03-01,48424,33,0,374,2365,2772,3217,2,8035,16013,27267,236272,0.1154051262951175
2022-04-01,48424,-152,0,87,1695,1629,3065,2,8122,17709,28896,236272,0.1222997223538972
2022-05-01,48424,-128,0,-172,1666,1366,2936,2,7950,19375,30262,236272,0.12808119455542763
2022-06-01,48424,-113,-1,-550,1394,732,2823,1,7401,20769,30993,236272,0.13117508634116612
2022-07-01,48424,-108,0,-63,757,586,2715,1,7337,21525,31579,236272,0.13365527866188123
2022-08-01,48424,-196,0,-465,1355,694,2519,1,6873,22880,32272,236272,0.13658833886368255
2022-09-01,48424,-109,0,206,1152,1249,2410,1,7079,24032,33521,236272,0.14187461908309068
2022-10-01,48424,-77,0,435,1979,2336,2333,1,7515,26011,35857,236272,0.15176152908512222
2022-11-01,48424,-111,0,292,2112,2294,2221,1,7807,28122,38150,236272,0.1614664454526986
2022-12-01,48424,-91,0,727,1639,2273,2130,1,8533,29760,40422,236272,0.17108248120809913
2023-01-01,48424,-103,0,-324,-752,-1179,2027,1,8209,29007,39243,236272,0.16609246969594366
2023-02-01,48424,-68,0,147,1181,1260,1959,1,8356,30188,40504,236272,0.17142953883659512
2023-03-01,48424,-1143,0,-346,1709,220,818,1,8011,31897,40724,236272,0.17236066905938918
2023-04-01,48424,-39,0,-143,2685,2503,779,1,7868,34581,43227,236272,0.1829543915487235
2023-05-01,48424,-47,0,-176,2647,2423,732,1,7692,37227,45649,236272,0.19320528881966548
2023-06-01,48424,-22,0,12,2697,2686,710,1,7704,39924,48336,236272,0.20457777476806394
2023-07-01,48424,-29,0,14,2630,2615,681,1,7717,42553,50951,236272,0.2156455271890025
2023-08-01,48424,-40,0,-27,4316,4250,641,1,7690,46869,55201,236272,0.23363327012934246
2023-09-23,48424,-30,0,-60,3911,3822,611,1,7631,50780,59022,236272,0.24980530913523397
2022-01-01,48864,340,1,272,753,1367,2416,7,6545,6612,15582,104351,0.149322958093358
2022-02-01,48864,74,0,420,615,1109,2491,7,6964,7228,16691,104351,0.15995055150405843
2022-03-01,48864,24,0,929,596,1551,2515,7,7894,7825,18241,104351,0.17480426637023125
2022-04-01,48864,-131,0,572,481,921,2383,7,8466,8307,19163,104351,0.18363983095514178
2022-05-01,48864,-98,-1,645,282,827,2285,6,9111,8587,19990,104351,0.19156500656438366
2022-06-01,48864,-88,-1,143,705,758,2197,5,9253,9293,20749,104351,0.1988385353278838
2022-07-01,48864,-83,-2,-241,608,282,2114,3,9012,9904,21031,104351,0.2015409531293423
2022-08-01,48864,-131,-1,-266,535,134,1982,2,8746,10437,21166,104351,0.20283466377897671
2022-09-01,48864,-104,-1,254,879,1029,1877,1,9000,11316,22195,104351,0.21269561384174565
2022-10-01,48864,-95,0,204,1128,1239,1782,1,9205,12444,23434,104351,0.22456900269283475
2022-11-01,48864,-81,0,-149,488,259,1701,1,9056,12932,23693,104351,0.227051010531763
2022-12-01,48864,-1057,0,-18,694,-382,643,1,9040,13628,23311,104351,0.2233902885453901
2023-01-01,48864,-22,0,88,902,968,621,1,9127,14530,24280,104351,0.23267625609721038
2023-02-01,48864,-20,0,-155,1168,995,601,1,8971,15699,25273,104351,0.24219221665341012
2023-03-01,48864,-35,0,-250,1265,979,566,1,8720,16962,26253,104351,0.251583597665571
2023-04-01,48864,-20,0,-234,931,678,545,1,8486,17894,26928,104351,0.25805215091374306
2023-05-01,48864,-27,0,-99,1785,1659,518,1,8387,19679,28587,104351,0.2739504173414725
2023-06-01,48864,-31,0,114,1934,2017,487,1,8500,21614,30605,104351,0.2932889957930446
2023-07-01,48864,-15,0,69,1650,1705,472,1,8570,23263,32309,104351,0.3096184991039856
2023-08-01,48864,-33,0,18,1347,1332,439,1,8587,24610,33640,104351,0.3223735278051959
2023-09-23,48864,-306,0,-254,350,-210,133,1,8332,24960,33431,104351,0.3203706720587249
2022-01-01,99999,141532,146,136934,211717,490325,1806426,6667,3528698,2240544,7582336,41183595,0.1841105906368786
2022-02-01,99999,157269,84,163943,111790,433080,1963692,6751,3692637,2352329,8015416,41183595,0.19462642831447813
2022-03-01,99999,160116,-3,241898,266561,668565,2123807,6749,3934477,2618880,8683892,41183595,0.21085803704120537
2022-04-01,99999,122844,-42,-65560,222893,280138,2246631,6646,3868412,2841517,8963203,41183595,0.21764013073652264
2022-05-01,99999,161749,76,28798,234010,424641,2408382,6722,3897212,3075528,9387846,41183595,0.2279511052884043
2022-06-01,99999,168772,0,3675,271072,443517,2577153,6721,3900848,3346567,9831294,41183595,0.2387186936934476
2022-07-01,99999,199265,-819,-112998,246903,332356,2776428,5901,3787786,3593426,10163538,41183595,0.24678608071976232
2022-08-01,99999,167337,-18,-82776,264206,348762,2943766,5883,3705015,3857638,10512308,41183595,0.2552547440309667
2022-09-01,99999,163218,-103,43455,243208,449781,3106990,5780,3748449,4100804,10962026,41183595,0.266174577522919
2022-10-01,99999,126024,-62,89185,251176,466317,3232974,5718,3836066,4351825,11426585,41183595,0.2774547729502488
2022-11-01,99999,111416,-61,40069,191081,342504,3344069,5656,3874756,4542502,11767000,41183595,0.28572056421980646
2022-12-01,99999,39181,-99,18440,271502,329029,3383579,5558,3894523,4814418,12098094,41183595,0.293760027506098
2023-01-01,99999,68896,-51,31050,251787,351678,3452476,5507,3925544,5066133,12449667,41183595,0.30229675189841976
2023-02-01,99999,137051,-108,14998,278296,430237,3589531,5399,3940559,5344550,12880049,41183595,0.3127470780537736
2023-03-01,99999,136718,-99,-45547,376963,468051,3726248,5300,3895002,5721512,13348055,41183595,0.3241109718566337
2023-04-01,99999,126847,-40,-52343,417856,492324,3853099,5260,3842650,6139355,13840362,41183595,0.3360649307084532
2023-05-01,99999,139864,-78,-16858,405204,528133,3992959,5182,3825776,6544546,14368461,41183595,0.3488879734758464
2023-06-01,99999,159051,-74,13691,406606,579285,4157284,5165,3848385,6968580,14979414,41183595,0.3637228367266141
2023-07-01,99999,108330,-39,9218,357565,475073,4260078,5067,3848773,7308001,15421908,41183595,0.3744672605681947
2023-08-01,99999,131241,-71,49842,417886,598897,4391318,4996,3898603,7725863,16020780,41183595,0.3890087788596406
2023-09-23,99999,116506,33,-24643,272234,364124,4507823,5029,3873957,7998094,16384901,41183595,0.3978501876778848
